"Freq [GHz]","o [mm]","w [mm]","mag(S(2:1,1)) []","mag(S(2:2,1)) []","mag(S(2:2,2:1)) []","ang_rad(S(2:1,2:1)) [rad]","ang_rad(S(2:2,2:2)) [rad]","partialMagS(2:1,1,w) []","partialMagS(2:2,1,w) []","partialMagS(2:2,2:1,w) []","partialMagS(2:1,1,o) []","partialMagS(2:2,1,o) []","partialMagS(2:2,2:1,o) []","ang_rad(S(1,1)) [rad]","partialPhaseS(1,1,w) []"
10,1,8,0.195533387211803,0.0250651301306436,0.0314456286336556,2.89056119938377,3.13091000111058,0.0739641054040366,0.00930367129036103,0.00914629048635552,-0.00129708844342313,0.0249640846614732,0.0311830842552881,2.79105807987034,-0.105640311784102
10,1,8.28571428571429,0.218663884575826,0.0280172974607837,0.0343763987545942,2.86622149451387,3.1294124604464,0.0791515264059149,0.00991832802802643,0.00959033319102977,-0.00135383682462811,0.0278463789155405,0.0340150299803907,2.75798473879737,-0.112064218998434
10,1,8.57142857142857,0.241585129847024,0.0309515060087519,0.0373215748757191,2.84263889373311,3.12795187880187,0.0837091162351385,0.0104753827650984,0.010034925066119,-0.00161998680540935,0.0306961109715334,0.0367359953963051,2.72550227324826,-0.117680980870712
10,1,8.85714285714286,0.266591017687715,0.034023858373233,0.0400878867665596,2.8170720498533,3.12637871609477,0.0885941981450944,0.0110064854173843,0.0103905096516529,-0.00169607036596273,0.0337890916665772,0.0396469645684958,2.6899810347786,-0.124135927086289
10,1,9.14285714285714,0.29256643237295,0.0372786810880584,0.0432665384545573,2.79005069545411,3.12458022047328,0.0929110730332688,0.0115106472849693,0.0107666285596832,-0.0019148837250865,0.0369789502223453,0.0426648680664601,2.65415601857301,-0.129914218257641
10,1,9.42857142857143,0.319657874402237,0.0404805999821289,0.0461721542978789,2.7624326409911,3.12276425802376,0.0971858476541435,0.0120425279266002,0.0112204456023168,-0.00231189708246708,0.0403072096433539,0.0457249702622062,2.61554069915115,-0.136107578125167
10,1,9.71428571428571,0.347518297618702,0.0441502493516578,0.0496076409143086,2.7336170120941,3.12071130598592,0.100722646942677,0.012301730512006,0.0111969414374837,-0.00226988428450558,0.0437364944534022,0.0488884500429788,2.57668874596321,-0.141452913588969
10,1,10,0.376643346787372,0.0475442097364875,0.0526347043620022,2.70367456892615,3.11865373364009,0.104600365643423,0.0126358138986219,0.01134681819963,-0.00269774295137938,0.0472114003303676,0.0520005911026222,2.53548120679794,-0.148117902250597
10,1.21428571428571,8,0.195518742424794,0.0304887217614422,0.0381559387129149,2.89109908639536,3.12906909064835,0.07418267907956,0.0113237404997428,0.011127727296939,-0.00142980045656308,0.0248547414273047,0.0308880738391384,2.79007033299369,-0.106062540264593
10,1.21428571428571,8.28571428571429,0.217669419871123,0.0338203802453187,0.0415017342776079,2.86787558186437,3.1275383271925,0.0789352326251517,0.0120169237619932,0.0116494738506572,-0.001693996436121,0.0275834981957271,0.033546910564231,2.75892260122032,-0.111946694450597
10,1.21428571428571,8.57142857142857,0.240932393237879,0.0374960972387868,0.0450889473540688,2.84393578610733,3.12587598745378,0.0837545522701444,0.0126779702073139,0.0121180836808294,-0.00183753100162081,0.030464101642555,0.0362885841131113,2.72572954556316,-0.11772422068169
10,1.21428571428571,8.85714285714286,0.265655357165806,0.0411126607762802,0.048400663547768,2.81849280187276,3.12420123671604,0.0883393209035646,0.0133217317062828,0.0125793352398605,-0.00212317570304437,0.0334837467527636,0.0391336582341438,2.69089730569647,-0.123942414257611
10,1.21428571428571,9.14285714285714,0.291773747884146,0.0450620678772795,0.0521428493320854,2.7919070895135,3.12230935124758,0.0926842240250144,0.013943577662002,0.0130175004026421,-0.00228716516647359,0.0367508471438181,0.0421854324294454,2.65384704611128,-0.129898066445648
10,1.21428571428571,9.42857142857143,0.318927070502637,0.0493234116223274,0.0562414067260362,2.763752682355,3.12018326195861,0.0971765739529284,0.0145002407965003,0.0133474075437874,-0.00248681942314374,0.0400414815120504,0.0452382180182593,2.61610695728016,-0.136405926765668
10,1.21428571428571,9.71428571428571,0.348043384073475,0.0534718122547392,0.0599227299486443,2.7335650307366,3.11802337562129,0.100979675320493,0.0149978467574325,0.0136320278796295,-0.00291690459401572,0.0435544282950773,0.0484628100624142,2.57523786316864,-0.142217858555277
10,1.21428571428571,10,0.377337085438843,0.0578734696404826,0.0639764027584727,2.70343989737384,3.11571244626939,0.103883886679219,0.0153524708181664,0.0138134022809847,-0.0031900570507706,0.0470847855673151,0.051628085688571,2.53366101278382,-0.147192961912179
10,1.42857142857143,8,0.194701381830443,0.0356952125977582,0.0446898263031724,2.8924510545518,3.12700188902448,0.0737246172504202,0.0132518556885964,0.0129874440245307,-0.0017660816562982,0.0246023755657827,0.0304306195153035,2.79146228521827,-0.105608074289037
10,1.42857142857143,8.28571428571429,0.217017406690684,0.0397489321846242,0.0486852212060896,2.86934058612462,3.12525397004195,0.0787927389559084,0.014104791929561,0.013672990102978,-0.00195429115837836,0.0273650656510387,0.0330906903500432,2.75894266766354,-0.111672310290398
10,1.42857142857143,8.57142857142857,0.240572949024795,0.0440219228624952,0.0529040980669614,2.84473862748366,3.12335447260471,0.0837205236881233,0.01490086483878,0.0141745408181245,-0.00217907952723212,0.0302548695200147,0.0358646513712464,2.72581320989765,-0.118241613495656
10,1.42857142857143,8.85714285714286,0.264992651030519,0.0482595639778471,0.0568065057498825,2.81989764314942,3.12157244264998,0.0879996317475011,0.0156509603599811,0.0147514740289219,-0.00226882604880331,0.033337852013013,0.0388028198413702,2.69119851116577,-0.123662911669863
10,1.42857142857143,9.14285714285714,0.290647261927474,0.0527617754465397,0.0610339433481434,2.79298013218665,3.11950009225348,0.092738304059879,0.0164001569576841,0.0152467747200524,-0.00275534745351967,0.0363599021500677,0.041613403069536,2.65567095034389,-0.130477875470348
10,1.42857142857143,9.42857142857143,0.318416966820334,0.0577303006391315,0.0656685429979231,2.76522315040321,3.11728063010761,0.0964885947687176,0.0170386420128497,0.0156840525498714,-0.00317666292582275,0.0397550405615815,0.0446528638884489,2.61569042530705,-0.135857556052583
10,1.42857142857143,9.71428571428571,0.34689900930269,0.0626810872589507,0.0701669682523096,2.73584783904901,3.11500642923062,0.10064415052555,0.0175877949143515,0.0160171493479335,-0.00337079665076331,0.0431465895255664,0.0477336885453772,2.57589694646905,-0.141938182376268
10,1.42857142857143,10,0.376840785430436,0.0679534475216369,0.075069166857383,2.70437686857562,3.11234327827042,0.103794078996765,0.0181144913167772,0.0163079963913401,-0.00375115758653726,0.0467264832900974,0.0510013567077884,2.5338103918258,-0.14747615178767
10,1.64285714285714,8,0.194773302178137,0.041055393183814,0.0513172956791173,2.89278515838852,3.12444729339222,0.0738362925170324,0.0152852117114402,0.0150105949762453,-0.00206802191852856,0.0244627639224643,0.0300713244245938,2.79050883735517,-0.105937090345767
10,1.64285714285714,8.28571428571429,0.21693502719695,0.0456452656639125,0.0558181364956095,2.86980601125745,3.12254884852357,0.0786591627793023,0.0161821181778702,0.0155793791207905,-0.00226085802798531,0.0271679714974699,0.0326635701139758,2.75886746550399,-0.112004962532545
10,1.64285714285714,8.57142857142857,0.240110762136355,0.0504535538417721,0.0603824312496787,2.84614252560105,3.1205946284123,0.0832232197864892,0.0170752700855558,0.0162626337898739,-0.00260577914493461,0.0300274207044463,0.0353581851062358,2.72574044783995,-0.117743431649271
10,1.64285714285714,8.85714285714286,0.264974840389515,0.0554692899180078,0.0651556883735432,2.82041719696387,3.11844796821455,0.0880708736222838,0.0179664968602366,0.0169064007786036,-0.00281663565647024,0.0330188430489825,0.0381629510828056,2.69038843513419,-0.124072850866413
10,1.64285714285714,9.14285714285714,0.29083121693208,0.0607747618411955,0.0701932523992121,2.79379432502375,3.11616295904128,0.0923185436327633,0.018723748313284,0.0173692933588553,-0.00312588471973697,0.0361665827633767,0.0410909556009661,2.6543833997763,-0.12995122549973
10,1.64285714285714,9.42857142857143,0.31757243179725,0.0660942464724458,0.0750520419713138,2.76673820094459,3.11392108170852,0.0963268812305499,0.0195040009861119,0.0179430215281476,-0.00362479821356728,0.0393767019044995,0.0439858878554286,2.6163201278732,-0.135628720750691
10,1.64285714285714,9.71428571428571,0.345663425003128,0.0717875635966658,0.0802822407577611,2.73791308641742,3.11141709756182,0.100319658503821,0.0201663431490309,0.0183027647078067,-0.00387311642066262,0.0427301102357548,0.0470111104911361,2.57675981448127,-0.141844950076332
10,1.64285714285714,10,0.375588255441968,0.0777805752852883,0.0856823231921781,2.70729181830267,3.10874835119579,0.103391754341866,0.0206575405239316,0.0185615831925099,-0.00425400772059212,0.0462962606597053,0.0501798035434149,2.53392371524864,-0.147060959725813
10,1.85714285714286,8,0.19496128626686,0.0464345049246784,0.057879206837032,2.89324311614835,3.1215814997945,0.0736200034034128,0.017175479535815,0.0167984212384373,-0.00225076409251869,0.0243137386902258,0.029653936841781,2.78950162607457,-0.105709915904601
10,1.85714285714286,8.28571428571429,0.216271057113108,0.0514537809719615,0.0626908242516202,2.87154374523465,3.11959242815307,0.0784004597147937,0.0182103729201566,0.0175351157223605,-0.00244100722547321,0.0269174776814575,0.0321012014714206,2.75853520812756,-0.111634169027771
10,1.85714285714286,8.57142857142857,0.239664689420899,0.0568457058028186,0.0679356327630123,2.8472432738595,3.11733439552152,0.0829769866957105,0.0192117410345574,0.0182729625586532,-0.00283111185705678,0.0297354250138789,0.0347726486774093,2.72540758401475,-0.117444511195066
10,1.85714285714286,8.85714285714286,0.263700452959162,0.0624212675404627,0.0731895079747864,2.82285105497693,3.11507265372358,0.0875554355103547,0.0201915747123258,0.0189373968580498,-0.00312120165358961,0.0326256474599785,0.037421397687259,2.69121981331174,-0.123607049168211
10,1.85714285714286,9.14285714285714,0.290161768005132,0.0685484149726528,0.078959235691141,2.79573328263789,3.11252960843871,0.0921871107926973,0.02112966649073,0.0195619462233486,-0.00353598287759847,0.0358064311511111,0.040351051827946,2.65386851609836,-0.129994684556289
10,1.85714285714286,9.42857142857143,0.317047055875645,0.0745958299282705,0.0844570925251834,2.76848639057623,3.11004792878409,0.0960076730693932,0.0219042603604503,0.0200874065122376,-0.0037915252733368,0.0390498353807679,0.0432862809725178,2.6155623783795,-0.135514500739666
10,1.85714285714286,9.71428571428571,0.344726769601352,0.0809501520602752,0.090219500233446,2.74060561790365,3.10745544032349,0.100123009021343,0.0226522947041135,0.0205313269618439,-0.00433184079582345,0.0422938393795728,0.0461323184243846,2.576033982165,-0.141789343311534
10,1.85714285714286,10,0.374355282430155,0.0875658576505217,0.0962534043094533,2.70973843825457,3.10455984896508,0.103397781025491,0.0234211181712699,0.0210872525872523,-0.00476708611715466,0.0457705125151773,0.0492581395411239,2.53438890276795,-0.14742258722266
10,2.07142857142857,8,0.194477074484781,0.0516053906501588,0.0641161144247605,2.89442734804783,3.11854449921754,0.0735301619057517,0.0191220471992934,0.0185923284400799,-0.00252944211149999,0.0240538776927991,0.0291112110352196,2.78982170614887,-0.106047166442864
10,2.07142857142857,8.28571428571429,0.215546328653337,0.0569693982025591,0.0692162794227567,2.8730416844927,3.1164362483578,0.0780973541168202,0.0202044781940675,0.0193901005032632,-0.00276463132510461,0.0266192035278876,0.0315114482095167,2.75918527011796,-0.111675107266579
10,2.07142857142857,8.57142857142857,0.239006601053219,0.0631230410584553,0.0753103548296854,2.84878189663979,3.11380005859956,0.0829427989059088,0.0213817665245808,0.0202482214483117,-0.00325567932546693,0.0293890656865314,0.034081093499022,2.72578297576752,-0.118099714893071
10,2.07142857142857,8.85714285714286,0.263100389836674,0.069469440517535,0.0812916338903955,2.82436095266455,3.11122457777144,0.0872623819376141,0.0224228013102972,0.0209806511205497,-0.00359506631364154,0.0322794618898789,0.0367253749223061,2.691322301702,-0.123448115674509
10,2.07142857142857,9.14285714285714,0.288619207752332,0.0760104889337487,0.0874170199976184,2.79803575802862,3.10853794922517,0.0917863424165027,0.0234125510986632,0.0216281208700651,-0.00378629488544176,0.03536682002618,0.0395956115687567,2.65571176864873,-0.12976059195051
10,2.07142857142857,9.42857142857143,0.315549799925108,0.0828357332236659,0.0935931742779853,2.77112445571859,3.10584182951463,0.0959603735589646,0.0244577776681741,0.0224364838488646,-0.00427672446247725,0.0385147101158546,0.0423569923193611,2.61711690117661,-0.135555645883399
10,2.07142857142857,9.71428571428571,0.344276681385827,0.0901933520551612,0.100348554289294,2.74185076233019,3.10276442919174,0.0995060119921883,0.0251813351749335,0.0227539855035619,-0.00492281519866822,0.0418682106105201,0.045322110749332,2.57596290411751,-0.141463155928196
10,2.07142857142857,10,0.37255945430699,0.0972771461716748,0.106656182007624,2.71297042259563,3.09989654412864,0.102830728152122,0.0258652787054568,0.0230968216638801,-0.00533117763597499,0.045170489430225,0.0482298309024665,2.53567788013819,-0.147162990751242
10,2.28571428571429,8,0.193217642701499,0.0566378506001998,0.0701694421960236,2.8969143060416,3.11520279002202,0.0731047271640139,0.0209529226925709,0.0203281466913313,-0.00272846204488114,0.0236877365078545,0.0283799374329662,2.79022700208197,-0.105685523401259
10,2.28571428571429,8.28571428571429,0.21471940743699,0.062667096041358,0.0760387315446967,2.87499463856188,3.11275348095937,0.077749034608754,0.0222025877570365,0.0212608630734635,-0.00304057359468636,0.0262743488088051,0.03079148378399,2.75968596502766,-0.111454261167292
10,2.28571428571429,8.57142857142857,0.238152542148853,0.069334686683532,0.0823054077164908,2.85104606525117,3.11005142101421,0.0827686974954158,0.0235471891229303,0.0223405624827694,-0.00364661952006086,0.0290489497781308,0.0333486705488696,2.72562970790234,-0.117630949823782
10,2.28571428571429,8.85714285714286,0.262945885485647,0.0764286918682637,0.0890366045664338,2.82570862914476,3.10711561153185,0.08726902757711,0.0247337095929961,0.0231167361532002,-0.0038163232449953,0.0320202602608577,0.0360864393262402,2.69022831166783,-0.123869353965213
10,2.28571428571429,9.14285714285714,0.288174697514656,0.0835211463794411,0.095645318405869,2.79983545641905,3.10420708437285,0.0914282993969673,0.025745195940717,0.0237341978997748,-0.0042189557791341,0.0349739387392377,0.0387690804924504,2.65459900713884,-0.129622362389366
10,2.28571428571429,9.42857142857143,0.315270638392769,0.0911981115969377,0.102756937276788,2.77241815367998,3.10104700617553,0.0954527373696965,0.0267464574917523,0.0243590767402852,-0.00468278833461199,0.0381440325833569,0.0415812103107551,2.61600166464297,-0.135542437000733
10,2.28571428571429,9.71428571428571,0.342472924282092,0.0987118101156078,0.109477128681418,2.74512142506352,3.09810699052991,0.0989884833519221,0.0276309266344307,0.0249807433704989,-0.00488983439191739,0.0414745275518772,0.0445780409988305,2.5770321243783,-0.140737133626645
10,2.28571428571429,10,0.37032551607811,0.106316664466622,0.116160417922605,2.71735341827325,3.09518113491172,0.102737547046443,0.0285312773067313,0.0255708354886002,-0.00584343724883751,0.0444556457397666,0.0469951633696475,2.53672268318247,-0.147201868786383
10,2.5,8,0.193273709847777,0.0618486963505042,0.0764471882969799,2.89753591291371,3.1114282778932,0.0727504327619677,0.0228029706879768,0.0220937245700739,-0.00299357457379759,0.0234595580687875,0.027823202368649,2.7893655130524,-0.105367265856276
10,2.5,8.28571428571429,0.214463122897738,0.068385014749442,0.0825882035568381,2.87601030077722,3.10881348687323,0.0776230040312031,0.024167434633035,0.0230710224431168,-0.00336765377261805,0.0259713077943037,0.030140591722009,2.75847062800125,-0.111539119029645
10,2.5,8.57142857142857,0.237562945032172,0.0755759142649127,0.0895111981032134,2.85234730304757,3.10576948573753,0.0822683674818776,0.0256098481365625,0.024143297359501,-0.00376427978024314,0.0286938286737442,0.0326415012398496,2.72571605589945,-0.117570327715899
10,2.5,8.85714285714286,0.260985140540414,0.082910463220139,0.0963005462074968,2.82915059249869,3.1028167780776,0.0868430329863292,0.0269104547735362,0.0250684118471792,-0.00416537246491476,0.0314240014758023,0.0350390681832427,2.69161170622121,-0.123721448878737
10,2.5,9.14285714285714,0.287618114313214,0.091125956741478,0.104009615076898,2.80184191905097,3.09937365887672,0.0911182281015468,0.0281086097783182,0.025877476061145,-0.00470101262149355,0.0345137007519992,0.037826987588906,2.65392797771255,-0.129468169278471
10,2.5,9.42857142857143,0.313870750259102,0.0992089811538707,0.111466694208702,2.77511443774546,3.09604530644011,0.0951842539964043,0.0291886765760817,0.0264810739714641,-0.00522607824560827,0.0375691195324017,0.0405454323241598,2.61688846810614,-0.135841274550466
10,2.5,9.71428571428571,0.341895859248772,0.107778422365522,0.119251484875111,2.7471351779825,3.09257348719565,0.098558084272978,0.030172247620192,0.0271456230950086,-0.00583964958061827,0.0407787382736397,0.0432898926302731,2.57642899666677,-0.14103541868903
10,2.5,10,0.370544122547604,0.116600071278371,0.127227568087443,2.71788579242494,3.08895601704384,0.10187920008506,0.0308520383626759,0.0273868940093167,-0.00628250396986208,0.0440760206390464,0.046159636605023,2.53548400023139,-0.146655881571774
10,2.71428571428571,8,0.19246770344946,0.0667715068159404,0.0822173932800111,2.89939844440654,3.10759086016184,0.0727323143163498,0.0247217536614226,0.02385085833684,-0.00325506584082333,0.0231057489029351,0.027089188282533,2.78969983298485,-0.105738827560542
10,2.71428571428571,8.28571428571429,0.213574617068338,0.0738260301155501,0.0888855746125864,2.87800099993985,3.10465364812735,0.0772843897691019,0.0261730102536924,0.02493788916499,-0.00368299912922223,0.0255688137446694,0.0293304499779671,2.75867036948389,-0.111473860689026
10,2.71428571428571,8.57142857142857,0.23666072315087,0.0816981056012099,0.0964339338997664,2.85452156243094,3.10124929800066,0.0819132402109717,0.0275695275582783,0.0258343378141059,-0.00421027210232337,0.028172325128444,0.03163733110918,2.72564018211175,-0.117734376877575
10,2.71428571428571,8.85714285714286,0.260538935157671,0.0897232389188875,0.103976154124972,2.83042993565817,3.09785789643562,0.086385421225411,0.0289971337733113,0.0268988612660428,-0.00454958072037241,0.0310042275924706,0.0341973588258048,2.69149388611549,-0.123486588798518
10,2.71428571428571,9.14285714285714,0.285444500101548,0.098087367684499,0.111691170932919,2.80546198640809,3.09440284901074,0.0906473782882536,0.030288251239988,0.0277502899112949,-0.00497744312547839,0.0339132811588078,0.0367732240096674,2.65592158625771,-0.129376711803116
10,2.71428571428571,9.42857142857143,0.312544332827796,0.106995252270132,0.119854515036917,2.77805549636132,3.09073500856828,0.0948982222991719,0.0316172635230673,0.0286360979380376,-0.00556126465758785,0.0369788714070688,0.0394448914036779,2.61714262251495,-0.135788149838784
10,2.71428571428571,9.71428571428571,0.34102574495181,0.116417863665323,0.128299291505328,2.74933097687793,3.08693895305831,0.0984386122127473,0.0325484887526695,0.0291375625559985,-0.00611602500934294,0.040246362428716,0.042280900189267,2.57615745909146,-0.141335643734782
10,2.71428571428571,10,0.36934405360949,0.125896188198279,0.136715219862682,2.72120157362096,3.08313514397165,0.101703090773277,0.0335013396504707,0.0296952461483065,-0.00691428632845638,0.0433901654540765,0.0448861557677786,2.53499438014754,-0.146911762611132
10,2.92857142857143,8,0.191578164074081,0.0715855018924204,0.0878268174381202,2.90135549915119,3.10349850515354,0.0722664111721198,0.0264603466723422,0.0254496871979409,-0.00351591835900813,0.0227097650418497,0.0262849773351692,2.78984307019482,-0.105512846193673
10,2.92857142857143,8.28571428571429,0.213314748466461,0.0795086480181058,0.0953852742657563,2.87934264437851,3.10005041355694,0.0768221229775982,0.0279724198359004,0.0264877604069007,-0.003956920634164,0.0252714657549619,0.0286239214852394,2.75819653465726,-0.111224045405815
10,2.92857142857143,8.57142857142857,0.236115055870954,0.0878619046081336,0.103242195273765,2.85663006590246,3.09641741292808,0.081562246867047,0.0296377547198638,0.0277521444724496,-0.00439641589311993,0.0278564796478094,0.030875104323526,2.72481484346862,-0.117407186754173
10,2.92857142857143,8.85714285714286,0.259847060930429,0.0963594621717282,0.11117768877958,2.83248435304257,3.09279113790833,0.085832772339128,0.031042219762498,0.0286651091628121,-0.00493611889129086,0.0305517115723802,0.0332750677951992,2.6909483331696,-0.123162285396396
10,2.92857142857143,9.14285714285714,0.284382310088219,0.105211353070411,0.119411268904123,2.80799569039606,3.08901892864013,0.0905041092332558,0.0325833677124905,0.0296738886437777,-0.00527481104502459,0.0334244765505096,0.0357989697239821,2.6560769165819,-0.130128265256976
10,2.92857142857143,9.42857142857143,0.311560798145678,0.115067791589616,0.128395366455429,2.780733569297,3.08484640717939,0.0943877631254427,0.0338057729612146,0.0304138334858452,-0.00604125977115713,0.036410391552851,0.0383258078606616,2.61661614191367,-0.135845337387349
10,2.92857142857143,9.71428571428571,0.338967798264233,0.124851615307283,0.137151222174485,2.75326892509453,3.08088005947952,0.0981183121527555,0.0349828140568665,0.0311529890295033,-0.00663437082130876,0.0394620704242303,0.0409204292902337,2.5773905984532,-0.141628738841359
10,2.92857142857143,10,0.368295855481582,0.135191712257569,0.146322160514358,2.72383392943811,3.0767239020855,0.100978641885276,0.0357305461621992,0.0314741057763112,-0.00729306841060227,0.0427179965204108,0.0436585124908217,2.53480954417612,-0.146573360212759
10,3.14285714285714,8,0.190829994059653,0.0764739416460311,0.0934553453019831,2.9033661994083,3.09907285139562,0.0719019773107863,0.028196141891896,0.0270106248847826,-0.00374056542467296,0.0223387703062127,0.0254853181310482,2.78989929759075,-0.105341869965284
10,3.14285714285714,8.28571428571429,0.211984513676271,0.084663713998325,0.101208584970959,2.88200958489678,3.09546981228926,0.0767747450068406,0.0300412850278983,0.0283565460786647,-0.00425343879908936,0.0247493258845281,0.0276357683014646,2.75931220610417,-0.11172314520844
10,3.14285714285714,8.57142857142857,0.234723648705201,0.0935646230378208,0.109587775263944,2.85921102386926,3.09145981053634,0.0810709247523752,0.0315290406527266,0.0293830393243552,-0.00467077711628331,0.0273547314979893,0.0299289243346542,2.72580241786302,-0.117202153826709
10,3.14285714285714,8.85714285714286,0.259022124408394,0.102957971791938,0.118300137497414,2.83492072896507,3.0873465029391,0.0856173081630825,0.03313946790664,0.0304028475373938,-0.005111910117576,0.0301129705553402,0.0323317454338735,2.69042446456657,-0.123584944705417
10,3.14285714285714,9.14285714285714,0.28332484123874,0.112379221833724,0.126933532582511,2.81070183975356,3.08329913398756,0.0900752993053898,0.0348213468382354,0.0317441180671268,-0.00571294322475418,0.0327964487897571,0.0346131458399337,2.65567300394746,-0.129497030935113
10,3.14285714285714,9.42857142857143,0.310215682960001,0.122734544796782,0.136308805061335,2.78374433971975,3.07891475836389,0.0938164264659988,0.0359896222643081,0.0323105630179228,-0.00631670938715089,0.0357910438272965,0.0371746413593024,2.61693248707777,-0.135285950291747
10,3.14285714285714,9.71428571428571,0.337892388091793,0.133291244973749,0.145821180906713,2.75624881034659,3.07446996520812,0.0972384714657094,0.0371360106717951,0.0330058327425188,-0.00695471165839513,0.038855864665529,0.0397308183018904,2.57691379737384,-0.140681396200195
10,3.14285714285714,10,0.366272050521895,0.144069034312232,0.155275114512831,2.7281967316637,3.07014243539734,0.100494491643,0.0381970426543812,0.0335507963842142,-0.00778332778236353,0.0419376774007689,0.0422415550286417,2.53522138861553,-0.146533677028003
10,3.35714285714286,8,0.189918531007524,0.0810682345416052,0.0985964769807532,2.90560862662471,3.09467679132865,0.0714695736158441,0.029873698042811,0.0285027742857436,-0.00389267103574868,0.0219804883505231,0.0247054200216895,2.78988328556466,-0.105237591618012
10,3.35714285714286,8.28571428571429,0.210819654856965,0.0898898701014188,0.106946361510566,2.88473995497808,3.09055414823946,0.0764446485442075,0.031899417162504,0.0299878690108153,-0.00459370415998989,0.0242688103343861,0.0266505379941583,2.75908444084403,-0.111789110300778
10,3.35714285714286,8.57142857142857,0.233693006942382,0.0993153050770322,0.115796669046608,2.86171942111792,3.08626030043076,0.080891541119632,0.0335888542291216,0.0311781712074379,-0.00493686085158755,0.0268435896669572,0.0289145555293473,2.72578891005515,-0.11739814884723
10,3.35714285714286,8.85714285714286,0.257660859955227,0.109270700745696,0.125019589602761,2.83776635102753,3.08174551237382,0.0853926639941046,0.0353515134548928,0.0323797191555899,-0.0054759368267126,0.0295236048072807,0.0312256174912036,2.69118132271314,-0.123724945587056
10,3.35714285714286,9.14285714285714,0.281870941839695,0.119397819027324,0.13420325409981,2.81400293411963,3.07727331178528,0.0896693754366624,0.0368856543158143,0.0333512405931473,-0.00626119482100453,0.0321631808785629,0.033393405791803,2.65586732700372,-0.12975617770095
10,3.35714285714286,9.42857142857143,0.308832027408893,0.130362389126457,0.144243779022449,2.78702989553314,3.0724264727528,0.0932209464936323,0.0381342801635884,0.0341260235679301,-0.00662903701100334,0.0351799655720913,0.0359697741410625,2.61676813244402,-0.134870181293521
10,3.35714285714286,9.71428571428571,0.336039546248031,0.141353804178995,0.153943441613256,2.7601090834471,3.06790723084166,0.0972731129176388,0.0397432613684523,0.0351251393579443,-0.00755090203310915,0.0380738095052702,0.0383363173120139,2.57747539468295,-0.141748252759312
10,3.35714285714286,10,0.363829341145811,0.152822463066366,0.164098809170018,2.73284027002267,3.06307053647628,0.099528798281069,0.040404547822528,0.0353803392986626,-0.00822556941913878,0.0410482015658341,0.0407112329170375,2.53657260748712,-0.145618683986175
10,3.57142857142857,8,0.189337923736167,0.0859423954753843,0.104120072745175,2.90722850497522,3.08968872395405,0.0713844754129511,0.0317479555407668,0.0300868027683999,-0.00424506019639223,0.0215210283923229,0.02377087403686,2.78983418098269,-0.105786260735636
10,3.57142857142857,8.28571428571429,0.210334955977962,0.0951735566687406,0.112735985010488,2.88634656749353,3.08537564811204,0.075905166443454,0.0336086204368268,0.0314541128138957,-0.00479980351218904,0.0238410618423218,0.0257619398763988,2.75845763183015,-0.111449985672715
10,3.57142857142857,8.57142857142857,0.232148262998571,0.104909300484121,0.12171049724601,2.86514242500394,3.08082972104034,0.0805870283498315,0.0355164535858465,0.0327751597408903,-0.00518330498099821,0.0262774952134381,0.0277985645134893,2.72646236086797,-0.117577923115021
10,3.57142857142857,8.85714285714286,0.256221501334918,0.115372913049811,0.131450612734528,2.84084748730048,3.07595476023723,0.0848384924800077,0.0372384879089118,0.0339604066291725,-0.00580626274837363,0.0288886632611445,0.0300346025041036,2.69136393025201,-0.12337868349714
10,3.57142857142857,9.14285714285714,0.280918773532656,0.126281302672843,0.141349155642478,2.81659998523276,3.07097429460767,0.0890811614928875,0.0388906521155323,0.0350294020462065,-0.00646960245775709,0.0315295280806914,0.0321835932137947,2.65526182347365,-0.129394874826143
10,3.57142857142857,9.42857142857143,0.307131288529435,0.137653689135559,0.151513621864869,2.79087472560306,3.06600094914047,0.0927215315528209,0.0403196260871033,0.0358982762365934,-0.00694028474224762,0.0344641071463535,0.0346435412836647,2.61722741850563,-0.134898387694535
10,3.57142857142857,9.71428571428571,0.335167174967011,0.149873581954341,0.162541265882286,2.76299175429513,3.06054507267087,0.0962102079613613,0.0416651229195005,0.0366577846747116,-0.00769720050433539,0.0374530197454369,0.0370762819684835,2.57655147523248,-0.140619824182069
10,3.57142857142857,10,0.362061912472083,0.16158492953695,0.17271510923004,2.73689773889237,3.05567720993137,0.0990676007768361,0.0426610278542063,0.0371058695435387,-0.00868531007995859,0.0402216001899933,0.0392156461314301,2.53683236608332,-0.145795756866827
10,3.78571428571429,8,0.188024690885377,0.0902915524614318,0.10877316720139,2.91030043132315,3.08495807607153,0.0710326930553805,0.0334748783263434,0.0317038768050006,-0.00444431328238932,0.0210260817040998,0.022763151998262,2.78973611035532,-0.105553248227629
10,3.78571428571429,8.28571428571429,0.209103263424298,0.100205074193313,0.118090447236446,2.88931092705083,3.08006175798742,0.0755623656411206,0.0354471394236711,0.0330510351684408,-0.00495889284750845,0.0233436966954385,0.0247348977334778,2.75846377364593,-0.111400583281909
10,3.78571428571429,8.57142857142857,0.231812828093689,0.110794539667625,0.128052508719407,2.86655449824002,3.07484146616663,0.0801960110587532,0.0374173094511815,0.0344113994790719,-0.005503733997367,0.0258016633416951,0.0268108057434642,2.72548332184048,-0.117543619908787
10,3.78571428571429,8.85714285714286,0.254435453329051,0.121312851137656,0.137472363067161,2.84463392484684,3.07002908078543,0.0844411971755701,0.0392232456681754,0.0355544692347141,-0.00600316475125404,0.0282648992394741,0.028840288955949,2.69209895009988,-0.123541233593716
10,3.78571428571429,9.14285714285714,0.279255683103525,0.132764488459978,0.147920716513155,2.82014051577993,3.06465222997869,0.0885315739114694,0.041028235320125,0.0368259977741366,-0.00674749747874005,0.0308912133199481,0.0309733449177193,2.6560053925613,-0.129200142422247
10,3.78571428571429,9.42857142857143,0.306010227383489,0.145236485509571,0.159064554335476,2.79411720537467,3.058925435835,0.0922586422348392,0.042407403848799,0.0375592225528059,-0.00739570661403441,0.0337758097797237,0.0332937817523225,2.6164552807898,-0.134896556236622
10,3.78571428571429,9.71428571428571,0.332931271936538,0.157520031287128,0.170021110411386,2.7675441715086,3.05345185697663,0.0956288384296256,0.0437630064874875,0.0382904456697995,-0.00818766729722239,0.0365486397097635,0.0355007738950928,2.57745771879758,-0.140472122286928
10,3.78571428571429,10,0.360063151841115,0.170040695114727,0.180866269346016,2.74147533057397,3.04807889835424,0.0987296931740714,0.0450083691047289,0.039085852023304,-0.00892119599180649,0.0393821290505119,0.0376764076338184,2.53690423125451,-0.145744274407408
10,4,8,0.186642809387636,0.0945148033184445,0.113135745717489,2.91337504088765,3.08018142322915,0.0660970356058695,0.0337532103417645,0.031055516125341,-0.00467873376619435,0.0205103069119601,0.0217448807761152,2.79006571223781,-0.102156002315713
10,4,8.28571428571429,0.208041212456206,0.105095392493107,0.12320675129783,2.8918044776027,3.07469862763012,0.0751945613509031,0.0371702610433967,0.0343567008700188,-0.00508090811058704,0.022869235151179,0.0237768802586293,2.75906010364743,-0.111708959604371
10,4,8.57142857142857,0.230517870292875,0.116203753136683,0.133498312771661,2.86973948440957,3.06908831294227,0.0793467057776452,0.0390833866226587,0.0357070868637616,-0.00577020679306717,0.0252406625362822,0.0256878819015132,2.72528531944912,-0.117031322643205
10,4,8.85714285714286,0.254068967633539,0.127850328220308,0.144101226667808,2.84675029416852,3.06336979252022,0.083708441642646,0.0410107989445521,0.0369964598830579,-0.00642782486453235,0.0277007997536972,0.0276527725148282,2.69043402820417,-0.122998743554251
10,4,9.14285714285714,0.278376714699456,0.139576570103601,0.154690398218052,2.82286865889732,3.05781595377514,0.0879846643847041,0.0429757537936175,0.0383071582044995,-0.00703922510032038,0.0302987633189119,0.0297747963220599,2.65512917699593,-0.129266895302728
10,4,9.42857142857143,0.303203035457102,0.151868612163096,0.165522971109372,2.79924675364772,3.05206896290702,0.091820256030816,0.0446381224917271,0.0394541125089272,-0.00749575607919804,0.033022290685892,0.0319491547862361,2.61817949796992,-0.13473972413184
10,4,9.71428571428571,0.330894274295662,0.165266136154905,0.177380808731671,2.77243957354387,3.04591809570614,0.0950573780464509,0.0459906349829092,0.040154289613984,-0.00891503849869336,0.0356367365960419,0.0338039358406991,2.57721533318453,-0.140191826480891
10,4,10,0.358791289562877,0.178586054790764,0.188956701820963,2.7451508434979,3.04014082395634,0.0981951367615024,0.047205552929791,0.0407223515759538,-0.00944777190592242,0.0385179156844357,0.0360937399504138,2.53611478886988,-0.145864002152561
